userId,username,email,role,region
1001,alex_turner,alex.turner@enterprise.com,ADMIN,US-EAST
1002,beatrice_v,beatrice.v@enterprise.com,CUSTOMER,EU-CENTRAL
1003,carlos_m,carlos.m@enterprise.com,CUSTOMER,US-WEST
1004,divya_patel,divya.patel@enterprise.com,MANAGER,AP-SOUTH
1005,elena_rostova,elena.rostova@enterprise.com,CUSTOMER,EU-NORTH
1006,felipe_silva,felipe.silva@enterprise.com,CUSTOMER,SA-EAST
1007,grace_hopper,grace.hopper@enterprise.com,ADMIN,US-EAST
1008,haruto_sato,haruto.sato@enterprise.com,CUSTOMER,AP-NORTHEAST
1009,isabella_rossi,isabella.rossi@enterprise.com,CUSTOMER,EU-SOUTH
1010,james_wilson,james.wilson@enterprise.com,MANAGER,US-CENTRAL
1011,kavita_sharma,kavita.sharma@enterprise.com,CUSTOMER,AP-SOUTH
1012,liam_o_connor,liam.oconnor@enterprise.com,CUSTOMER,EU-WEST
1013,mina_al_mansoor,mina.mansoor@enterprise.com,ADMIN,ME-CENTRAL
1014,noah_schmidt,noah.schmidt@enterprise.com,CUSTOMER,EU-CENTRAL
1015,olivia_brown,olivia.brown@enterprise.com,CUSTOMER,US-EAST
1016,piotr_kowalski,piotr.kowalski@enterprise.com,MANAGER,EU-EAST
1017,qadir_khan,qadir.khan@enterprise.com,CUSTOMER,AP-SOUTH
1018,rachel_green,rachel.green@enterprise.com,CUSTOMER,US-WEST
1019,samuel_adeyemi,samuel.adeyemi@enterprise.com,CUSTOMER,AF-SOUTH
1020,tanya_ivanova,tanya.ivanova@enterprise.com,CUSTOMER,EU-EAST
1021,umar_farooq,umar.farooq@enterprise.com,MANAGER,AP-SOUTH
1022,victoria_z,victoria.z@enterprise.com,CUSTOMER,US-EAST
1023,william_clark,william.clark@enterprise.com,CUSTOMER,US-CENTRAL
1024,xiao_wei,xiao.wei@enterprise.com,CUSTOMER,AP-EAST
1025,yasmin_nasser,yasmin.nasser@enterprise.com,CUSTOMER,ME-SOUTH
